Gene,mRNA level (RPKM)
aaeA,6
aaeB,6
aaeR,21
aaeX,6
aas,26
aat,31
abgA,1
abgB,1
abgR,3
abgT,1
abrB,5
accA,506
accB,1225
accC,1138
accD,511
aceA,64
aceB,73
aceE,3442
aceF,2857
aceK,16
ackA,1108
acnA,18
acnB,377
acpH,14
acpP,9325
acpS,51
acpT,51
acrA,251
acrB,253
acrD,7
acrE,1
acrF,4
acrR,17
acs,6
actP,5
ada,10
add,24
ade,28
adhE,141
adhP,4
adiA,2
adiC,1
adiY,1
adk,473
adrA,1
adrB,1
aegA,2
aer,4
aes,2
afuC,2
agaB,0
agaC,1
agaD,0
agaI,1
agaR,88
agaS,0
agaV,2
agp,4
ahpC,1828
ahpF,223
aidB,4
ais,6
alaA,104
alaC,48
alaS,501
aldA,28
aldB,1
alkA,4
alkB,4
allA,7
allB,1
allC,4
allD,0
allR,88
allS,1
alpA,1
alr,91
alsA,1
alsB,4
alsC,1
alsE,2
alsK,3
alx,33
amiA,64
amiB,69
amiC,68
amiD,26
amn,23
ampC,23
ampD,19
ampE,21
ampG,83
ampH,29
amtB,5
amyA,4
anmK,17
ansA,91
ansB,7
ansP,27
apaG,140
apaH,33
apbE,25
aphA,12
appA,2
appB,3
appC,2
appY,13
apt,483
aqpZ,9
araA,2
araB,0
araC,16
araD,1
araE,15
araF,1
araG,1
araH,2
araJ,11
arcA,394
arcB,29
argA,5
argB,12
argC,10
argD,44
argE,20
argF,10
argG,42
argH,20
argI,2
argK,1
argO,28
argP,33
argR,181
argS,195
argT,28
ariR,6
arnA,9
arnB,10
arnC,7
arnD,4
arnE,2
arnF,1
arnT,2
aroA,77
aroB,443
aroC,128
aroD,17
aroE,141
aroF,43
aroG,153
aroH,73
aroK,744
aroL,67
aroM,33
aroP,88
arpA,0
arrD,6
arrQ,0
arsB,7
arsC,8
arsR,9
artI,128
artJ,14
artM,76
artP,100
artQ,86
ascB,5
ascF,4
ascG,18
asd,263
aslA,2
aslB,3
asmA,43
asnA,216
asnB,63
asnC,21
asnS,718
aspA,118
aspC,139
aspS,366
asr,1
astA,0
astB,1
astC,1
astD,1
astE,1
atoA,0
atoB,1
atoC,2
atoD,0
atoE,0
atoS,1
atpA,2724
atpB,1695
atpC,2193
atpD,2177
atpE,4114
atpF,3109
atpG,1914
atpH,2938
atpI,764
avtA,117
azoR,27
azuC,350
bacA,112
baeR,28
baeS,4
bamA,378
bamB,311
bamC,342
bamD,268
bamE,351
barA,22
basR,47
basS,31
bax,113
bcp,279
bcr,61
bcsA,7
bcsB,8
bcsC,10
bcsE,53
bcsF,3
bcsG,32
bcsZ,8
bdm,0
betA,15
betB,27
betI,44
betT,19
bfd,1
bfr,20
bglA,101
bglB,1
bglF,1
bglG,1
bglH,1
bglJ,1
bglX,56
bhsA,40
bioA,106
bioB,193
bioC,126
bioD,109
bioF,156
bioH,36
birA,66
bisC,30
blc,2
blr,77
bolA,94
borD,798
brnQ,248
bsmA,9
bssR,1
bssS,104
btuB,126
btuC,25
btuD,27
btuE,30
btuF,36
btuR,25
cadA,1
cadB,1
cadC,2
caiA,10
caiB,4
caiC,4
caiD,2
caiE,2
caiF,5
caiT,1
can,370
carA,33
carB,28
casA,1
casB,2
casC,2
casD,4
casE,5
cbl,1
cbpA,22
cbpM,29
cbrA,3
cbrB,7
cbrC,1
cca,42
ccmA,1
ccmB,1
ccmC,21
ccmD,2
ccmE,20
ccmF,16
ccmG,1
ccmH,15
cdaR,6
cdd,16
cdh,40
cdsA,213
cedA,3
cfa,67
chaA,45
chaB,3
chaC,1
chbA,7
chbB,1
chbC,6
chbF,2
chbG,8
chbR,4
cheA,2
cheB,1
cheR,0
cheW,4
cheY,2
cheZ,3
chiA,10
chiP,3
chiQ,5
cho,7
chpB,30
chpS,2
cirA,8
citC,0
citD,0
citE,0
citF,1
citG,0
citT,2
citX,0
clcA,27
clcB,5
cld,412
clpA,108
clpB,230
clpP,385
clpS,80
clpX,479
cls,46
cmk,420
cmoA,104
cmoB,101
cmtA,1
cmtB,0
cnu,39
coaA,66
coaD,88
coaE,80
cobB,49
cobC,22
cobS,33
cobT,26
cobU,24
codA,71
codB,56
cof,12
cohE,67
copA,17
corA,171
cpdA,142
cpdB,20
cpsB,1
cpsG,1
cpxA,76
cpxP,79
cpxR,151
crcB,34
creA,70
creB,45
creC,13
creD,3
crl,314
croE,1
crp,517
crr,1320
csdA,44
csdE,48
csdL,110
csgA,3
csgB,0
csgC,1
csgD,2
csgE,1
csgF,1
csgG,6
csiD,1
csiE,4
csiR,1
cspA,1592
cspB,1
cspC,2502
cspD,77
cspE,6951
cspF,1
cspG,1
cspH,3
cspI,1
csrA,767
csrD,28
cstA,16
cueO,21
cueR,23
cusA,2
cusB,3
cusC,0
cusF,2
cusR,24
cusS,10
cutA,35
cutC,33
cvpA,147
cvrA,13
cyaA,152
cyaY,138
cybB,67
cycA,105
cydA,179
cydB,181
cydC,51
cydD,51
cynR,11
cynS,5
cynT,2
cynX,4
cyoA,1841
cyoB,1622
cyoC,1616
cyoD,1737
cyoE,1495
cysA,3
cysB,49
cysC,3
cysD,2
cysE,93
cysG,52
cysH,3
cysI,4
cysJ,2
cysK,97
cysM,24
cysN,4
cysP,2
cysQ,46
cysS,193
cysU,2
cysW,2
cysZ,41
cytR,55
dacA,207
dacB,36
dacC,32
dacD,7
dadA,112
dadX,79
dam,152
damX,355
dapA,350
dapB,94
dapD,366
dapE,90
dapF,182
dbpA,17
dcd,182
dcm,34
dcp,39
dcrB,249
dctA,66
dctR,0
dcuA,162
dcuB,4
dcuC,2
dcuD,1
dcuR,22
dcuS,30
dcyD,32
ddlA,165
ddlB,136
ddpA,0
ddpB,1
ddpC,1
ddpD,1
ddpF,1
ddpX,0
deaD,481
dedA,97
dedD,119
def,278
degP,65
degQ,30
degS,48
deoA,28
deoB,140
deoC,40
deoD,348
deoR,40
der,189
dfp,134
dgkA,81
dgoA,1
dgoD,3
dgoK,6
dgoR,14
dgoT,2
dgsA,32
dgt,13
dhaK,30
dhaL,36
dhaM,33
dhaR,10
diaA,90
dicA,45
dicB,2
dicC,1
dinB,12
dinD,4
dinF,34
dinG,15
dinI,147
dinJ,50
dinQ,636
djlA,63
djlB,0
djlC,3
dkgA,6
dkgB,23
dksA,707
dld,23
dmlA,3
dmlR,3
dmsA,3
dmsB,4
dmsC,5
dmsD,32
dnaA,185
dnaB,147
dnaC,51
dnaE,130
dnaG,247
dnaJ,416
dnaK,1504
dnaN,193
dnaQ,64
dnaT,45
dnaXgamma,106
dnaXtau,106
dosC,2
dosP,1
dpiA,1
dpiB,6
dppA,124
dppB,56
dppC,55
dppD,55
dppF,45
dps,54
dsbA,364
dsbB,157
dsbC,88
dsbD,35
dsbG,17
dsdA,15
dsdC,10
dsdX,4
dsrB,76
dtd,66
dtpA,348
dtpB,8
dtpD,6
dusA,70
dusB,1170
dusC,37
dut,325
dxr,84
dxs,97
eamA,16
eamB,9
ebgA,2
ebgC,2
ebgR,19
ecnA,146
ecnB,157
eco,33
ecpD,0
eda,298
edd,37
efeB,19
efeO,31
efp,1506
elaA,19
elaB,27
elaD,0
elbB,98
elfA,3
elfC,1
elfD,0
elfG,2
emrA,72
emrB,58
emrD,40
emrE,48
emrK,1
emrY,1
emtA,103
endA,1
eno,1708
entA,4
entB,5
entC,2
entD,2
entE,3
entF,3
entH,4
entS,7
envC,112
envR,1
envY,0
envZ,48
epd,207
eptA,32
eptB,17
era,265
erfK,13
erpA,618
essD,4
essQ,1
etk,9
etp,7
eutA,1
eutB,15
eutC,14
eutD,1
eutE,1
eutG,0
eutH,1
eutJ,1
eutK,17
eutL,15
eutM,3
eutN,0
eutP,0
eutQ,1
eutR,6
eutS,0
eutT,1
evgA,37
evgS,5
exbB,132
exbD,133
exoX,26
exuR,66
exuT,4
fabA,869
fabB,816
fabD,859
fabF,1523
fabG,1714
fabH,721
fabI,1196
fabR,127
fabZ,773
fadA,3
fadB,2
fadD,49
fadE,6
fadH,1
fadI,3
fadJ,4
fadK,1
fadL,313
fadM,3
fadR,73
fbaA,887
fbaB,6
fbp,267
fcl,1
fdhD,44
fdhE,121
fdhF,10
fdnG,3
fdnH,3
fdnI,6
fdoG,137
fdoH,67
fdoI,93
fdrA,0
fdx,303
feaB,4
feaR,3
fecA,8
fecB,8
fecC,8
fecD,7
fecE,11
fecI,29
fecR,11
feoA,2
feoB,30
feoC,35
fepA,3
fepB,9
fepC,5
fepD,5
fepE,0
fepG,5
fes,2
ffh,253
fhlA,5
fhuA,88
fhuB,20
fhuC,26
fhuD,19
fhuE,2
fhuF,49
fic,5
fieF,84
fimA,344
fimB,21
fimC,1
fimD,6
fimE,5
fimF,6
fimG,5
fimH,6
fimI,22
fimZ,1
fis,1763
fiu,7
fixA,1
fixB,1
fixC,1
fixX,0
fklB,233
fkpA,361
fkpB,176
fldA,418
fldB,130
flgA,6
flgB,9
flgC,8
flgD,1
flgE,8
flgF,6
flgG,6
flgH,3
flgI,2
flgJ,2
flgK,3
flgL,3
flgM,5
flgN,5
flhA,2
flhB,2
flhC,20
flhD,25
flhE,2
fliA,7
fliC,10
fliD,1
fliE,7
fliF,3
fliG,4
fliH,3
fliI,2
fliJ,1
fliK,1
fliL,5
fliM,5
fliN,4
fliO,3
fliP,2
fliQ,3
fliR,0
fliS,2
fliT,2
fliY,43
fliZ,1
flk,32
flu,4
flxA,1
fmt,234
fnr,383
focA,97
focB,3
folA,128
folB,61
folC,105
folD,153
folE,145
folK,58
folM,23
folP,118
folX,183
fpr,40
frc,2
frdA,31
frdB,34
frdC,29
frdD,33
fre,200
frlA,0
frlB,3
frlC,3
frlD,6
frlR,22
frmA,146
frmB,75
frmR,162
frr,1039
frsA,48
fruA,31
fruB,23
fruK,25
fruR,67
frvA,1
frvB,1
frvR,2
frvX,3
frwB,2
frwC,1
frwD,2
fryA,1
fryB,0
fryC,0
fsaA,5
fsaB,2
fsr,11
ftnA,114
ftnB,26
ftsA,202
ftsB,234
ftsE,185
ftsH,642
ftsI,169
ftsK,84
ftsL,198
ftsN,133
ftsP,99
ftsQ,135
ftsW,106
ftsX,139
ftsY,151
ftsZ,396
fucA,1
fucI,3
fucK,5
fucO,4
fucP,1
fucR,14
fucU,26
fumA,81
fumB,5
fumC,19
fur,450
fusA,9266
fxsA,58
gabD,2
gabP,2
gabT,3
gadA+gadB,0
gadC,1
gadE,1
gadW,18
gadX,20
galE,58
galF,411
galK,39
galM,109
galP,26
galR,21
galS,2
galT,33
galU,379
gapA,2934
garD,3
garK,6
garL,1
garP,0
garR,7
gatA,152
gatB,119
gatC,127
gatD,34
gatY,288
gatZ,212
gcd,49
gcl,1
gcp,99
gcvA,39
gcvH,58
gcvP,24
gcvR,91
gcvT,33
gdhA,17
gfcA,8
gfcB,2
gfcC,4
gfcD,2
gfcE,5
ggt,2
ghrA,21
ghrB,73
glcA,3
glcB,10
glcC,11
glcD,1
glcE,2
glcF,2
glcG,7
gldA,7
glf,185
glgA,44
glgB,45
glgC,39
glgP,36
glgS,1
glgX,30
glk,31
glmM,272
glmS,475
glmU,385
glnA,88
glnB,189
glnD,27
glnE,44
glnG,21
glnH,22
glnK,1
glnL,24
glnP,17
glnQ,16
glnS,372
gloA,126
gloB,19
glpA,1
glpB,1
glpC,1
glpD,9
glpE,85
glpF,7
glpG,109
glpK,13
glpQ,14
glpR,88
glpT,5
glpX,45
glrK,17
glrR,24
gltA,124
gltB,95
gltD,93
gltF,15
gltI,52
gltJ,28
gltK,30
gltL,35
gltP,155
gltS,40
gltX,458
glxK,4
glxR,1
glyA,382
glyQ,662
glyS,657
gmd,0
gmhB,63
gmk,382
gmm,1
gmr,6
gnd,1064
gnsA,138
gnsB,106
gntK,9
gntP,5
gntR,59
gntT,14
gntU,7
gntX,61
gor,139
gph,171
gpmA,599
gpmM,210
gpp,89
gpr,6
gpsA,287
gpt,388
greA,279
greB,39
groL,2305
groS,1932
grpE,680
grxA,49
grxB,25
grxC,474
grxD,411
gshA,158
gshB,124
gsiA,13
gsiB,9
gsiC,9
gsiD,7
gsk,85
gspA,1
gspB,6
gspC,1
gspD,2
gspE,1
gspF,1
gspG,1
gspH,1
gspI,2
gspJ,1
gspK,1
gspL,2
gspM,2
gspO,2
gss,53
gst,27
gtrA,156
gtrB,113
gtrS,55
guaA,886
guaB,792
guaC,134
guaD,4
gudD,6
gudP,1
gudX,2
gutM,3
gutQ,28
gyrA,415
gyrB,281
hcaB,2
hcaC,2
hcaD,3
hcaE,5
hcaF,2
hcaR,5
hcaT,21
hchA,18
hcp,2
hcr,2
hda,79
hdeA,2
hdeB,9
hdeD,7
hdfR,21
hdhA,49
helD,26
hemA,56
hemB,153
hemC,105
hemD,79
hemE,120
hemF,42
hemG,64
hemH,35
hemL,208
hemN,77
hemX,100
hemY,94
hflC,370
hflD,156
hflK,356
hflX,270
hfq,1057
hha,133
hicA,1
hicB,1
higA,1
higB,1
hinT,119
hipA,11
hipB,1
hisA,85
hisB,101
hisC,83
hisD,95
hisF,79
hisG,99
hisH,97
hisI,90
hisJ,56
hisL,448
hisM,17
hisP,18
hisQ,22
hisS,308
hiuH,2
hlyE,0
hmp,25
hns,1459
hofB,3
hofC,3
hofM,4
hofN,2
hofO,1
hofP,1
hofQ,1
hokA,1
hokB,56
hokC,0
hokD,82
hokE,1
holA,85
holB,62
holC,188
holD,167
holE,39
hpf,167
hpt,329
hrpA,46
hrpB,33
hscA,277
hscB,253
hscC,2
hsdM,95
hsdR,41
hsdS,45
hslJ,78
hslO,229
hslR,158
hslU,396
hslV,346
hspQ,210
hsrA,10
htpG,418
htpX,289
htrE,1
hupA,2120
hupB,2321
hyaA,0
hyaB,1
hyaC,1
hyaD,2
hyaE,2
hyaF,1
hybA,15
hybB,15
hybC,35
hybD,46
hybE,43
hybF,1
hybG,2
hybO,18
hycA,0
hycB,1
hycC,0
hycD,1
hycE,1
hycF,2
hycG,4
hycH,9
hycI,18
hydN,2
hyfA,1
hyfB,1
hyfC,0
hyfD,0
hyfE,0
hyfF,1
hyfG,1
hyfH,1
hyfI,2
hyfJ,2
hyfR,1
hyi,1
hypA,5
hypB,9
hypC,6
hypD,8
hypE,9
hypF,4
hyuA,1
iaaA,21
iadA,71
iap,13
ibpA,176
ibpB,83
ibsA,8
ibsB,2
ibsC,1
ibsD,4
ibsE,4
icd,886
iclR,102
idi,6
idnD,1
idnK,2
idnO,3
idnR,11
idnT,5
ihfA,765
ihfB,610
ileS,337
ilvA,37
ilvB,57
ilvC,28
ilvD,46
ilvE,62
ilvH,1
ilvI,15
ilvL,1508
ilvM,2
ilvN,44
ilvX,1
ilvY,27
inaA,19
infA,1283
infB,827
infC,5767
insA,0
insB,0
insC,0
insD,0
insE,0
insF,0
insG,15
insH,2
insI,0
insJ,8
insK,6
insL,0
insQ,33
intA,25
intD,16
intE,3
intF,29
intR,16
intS,22
intZ,13
iraD,2
iraM,2
iraP,1
iscA,731
iscR,318
iscS,620
iscU,587
iscX,340
ispA,132
ispB,206
ispD,133
ispE,277
ispF,148
ispG,197
ispH,120
ispU,235
ivbL,291
ivy,52
katE,1
katG,126
kbaY,1
kbaZ,1
kbl,213
kch,9
kdgK,75
kdgR,100
kdgT,7
kdpA,0
kdpB,1
kdpC,6
kdpD,13
kdpE,14
kdpF,0
kdsA,227
kdsB,198
kdsC,115
kdsD,103
kduD,1
kduI,6
kefA,64
kefB,13
kefC,9
kefF,1
kefG,21
kgtP,445
kilR,1
kptA,4
kup,51
lacA,1
lacI,25
lacY,1
lacZ,2
lamB,6
ldcA,21
ldcC,5
ldhA,101
ldrA+ldrC,0
ldrB,7
ldrD,86
lepA,316
lepB,263
leuA,26
leuB,39
leuC,36
leuD,45
leuE,30
leuL,470
leuO,1
leuS,368
lexA,200
lgt,126
lhgO,1
lhr,3
ligA,100
ligB,2
ligT,28
lipA,431
lipB,73
lit,4
livF,38
livG,31
livH,39
livJ,62
livK,43
livM,37
lldD,18
lldP,11
lldR,16
lnt,71
lolA,87
lolB,56
lolC,63
lolD,67
lolE,65
lon,410
lpcA,196
lpd,2090
lplA,29
lplT,29
lpp,40322
lptA,153
lptB,143
lptC,129
lptD,202
lptE,349
lptF,152
lptG,142
lpxA,695
lpxB,182
lpxC,901
lpxD,637
lpxH,141
lpxK,86
lpxL,46
lpxM,50
lpxP,5
lpxT,56
lrhA,84
lrp,261
lspA,331
lsrA,0
lsrB,1
lsrC,0
lsrD,1
lsrF,1
lsrG,2
lsrK,2
lsrR,5
ltaE,36
luxS,304
lysA,66
lysC,42
lysP,217
lysR,11
lysS,620
lysU,64
lyxK,2
maa,51
macA,17
macB,21
maeA,64
maeB,60
mak,21
malE,21
malF,6
malG,4
malI,6
malK,2
malM,4
malP,31
malQ,24
malS,3
malT,80
malX,6
malY,19
malZ,8
manA,63
manX,182
manY,221
manZ,250
map,371
marA,40
marB,39
marC,17
marR,22
matA,1
matB,4
matC,1
matP,32
mazE,65
mazF,50
mazG,41
mcbA,2
mcbR,3
mcrA,7
mcrB,20
mcrC,7
mdaB,76
mdfA,38
mdh,354
mdlA,25
mdlB,18
mdtA,10
mdtB,8
mdtC,6
mdtD,4
mdtE,1
mdtF,2
mdtG,4
mdtH,2
mdtI,1
mdtJ,1
mdtK,55
mdtL,7
mdtM,5
mdtN,0
mdtO,0
mdtP,1
melA,4
melB,2
melR,3
menA,81
menB,126
menC,79
menD,30
menE,45
menF,34
menH,43
mepA,69
metA,22
metB,55
metC,23
metE,19
metF,12
metG,220
metH,39
metI,203
metJ,253
metK,890
metL,71
metN,173
metQ,313
metR,17
mfd,44
mglA,8
mglB,22
mglC,8
mgrB,107
mgsA,111
mgtA,39
mgtL,421
mhpA,1
mhpB,1
mhpC,1
mhpD,1
mhpE,2
mhpF,1
mhpR,8
mhpT,3
miaA,430
miaB,228
minC,153
minD,258
minE,267
mioC,264
mipA,616
mlaA,248
mlaB,220
mlaC,234
mlaD,189
mlaE,156
mlaF,136
mliC,8
mlrA,2
mltA,97
mltB,35
mltC,46
mltD,183
mltF,17
mmuM,9
mmuP,5
mngA,0
mngB,3
mngR,19
mnmA,183
mnmC,26
mnmE,90
mnmG,214
mntH,29
mntR,55
moaA,77
moaB,93
moaC,98
moaD,92
moaE,87
mobA,22
mobB,21
mocA,3
modA,29
modB,23
modC,18
modE,27
modF,19
moeA,62
moeB,54
mog,98
mokB,1
mokC,0
motA,1
motB,1
mpaA,13
mpl,162
mppA,31
mprA,408
mqo,98
mqsA,38
mqsR,48
mraY,162
mraZ,264
mrcA,63
mrcB,74
mrdA,92
mrdB,95
mreB,548
mreC,231
mreD,136
mrp,216
mrr,39
msbA,148
mscL,138
mscM,33
mscS,248
msrA,23
msrB,102
msyB,1
mtfA,14
mtgA,31
mtlA,40
mtlD,65
mtlR,58
mtn,249
mtr,12
mug,27
mukB,138
mukE,124
mukF,112
murA,296
murB,102
murC,128
murD,133
murE,172
murF,129
murG,94
murI,105
murJ,60
murP,7
murQ,12
murR,5
mutH,15
mutL,73
mutM,59
mutS,61
mutT,31
mutY,64
mzrA,58
nac,1
nadA,210
nadB,119
nadC,40
nadD,45
nadE,92
nadK,23
nadR,54
nagA,59
nagB,51
nagC,60
nagD,109
nagE,101
nagK,55
nagZ,61
nanA,9
nanC,1
nanE,7
nanK,6
nanM,3
nanR,46
nanS,2
nanT,2
napA,12
napB,1
napC,17
napD,9
napF,7
napG,1
napH,7
narG,1
narH,3
narI,3
narJ,3
narK,1
narL,46
narP,90
narQ,8
narU,0
narV,2
narW,0
narX,19
narY,1
narZ,1
ndh,453
ndk,947
nei,22
nemA,21
nemR,1
nepI,16
nfi,62
nfo,39
nfrA,9
nfrB,5
nfsA,61
nfsB,143
nfuA,378
nhaA,76
nhaB,72
nhaR,25
nhoA,3
nikA,2
nikB,2
nikC,2
nikD,2
nikE,3
nikR,21
ninE,0
nirB,3
nirC,12
nirD,2
nlpA,17
nlpC,54
nlpD,214
nlpE,34
nlpI,653
nohD,2
norR,13
norV,2
norW,1
npr,50
nrdA,321
nrdB,289
nrdD,16
nrdE,10
nrdF,8
nrdG,9
nrdH,2
nrdI,23
nrdR,135
nrfA,2
nrfB,2
nrfC,1
nrfD,1
nrfE,2
nrfF,2
nrfG,2
nsrR,91
nth,41
nudB,357
nudC,39
nudE,128
nudF,47
nudG,1
nudI,9
nudJ,35
nudK,14
nudL,21
nuoA,304
nuoB,399
nuoC,333
nuoE,356
nuoF,333
nuoG,352
nuoH,350
nuoI,295
nuoJ,345
nuoK,294
nuoL,326
nuoM,258
nuoN,287
nupC,181
nupG,21
nupX,1
nusA,697
nusB,471
nusG,1280
obgE,292
ogrK,2
ogt,1
ompA,7571
ompC,4911
ompF,2771
ompG,0
ompL,0
ompN,3
ompR,109
ompT,1214
ompW,1
ompX,2851
opgB,65
opgC,22
opgD,42
opgG,183
opgH,173
oppA,809
oppB,392
oppC,382
oppD,363
oppF,356
orn,97
osmB,3
osmC,1
osmE,49
osmF,2
osmY,21
otsA,3
otsB,1
oxc,1
oxyR,103
paaA,1
paaB,1
paaC,0
paaD,0
paaE,1
paaF,1
paaG,1
paaH,1
paaI,1
paaJ,3
paaK,3
paaX,13
paaY,16
paaZ,0
pabA,35
pabB,23
pabC,33
pagP,1
pal,1725
panB,197
panC,237
panD,516
panE,46
panF,72
paoA,1
paoB,1
paoC,1
paoD,2
parC,143
parE,151
patA,3
pbpC,7
pbpG,50
pck,234
pcm,102
pcnB,217
pdhR,516
pdxA,123
pdxB,144
pdxH,62
pdxJ,68
pdxK,44
pdxY,45
pepA,214
pepB,128
pepD,254
pepE,9
pepN,110
pepP,135
pepQ,118
pepT,16
perR,2
pfkA,189
pfkB,27
pflA,70
pflB,395
pflC,3
pflD,2
pgaA,1
pgaB,1
pgaC,1
pgaD,3
pgi,305
pgk,749
pgl,85
pgm,253
pgpA,84
pgpB,16
pgsA,46
pheA,68
pheL,219
pheM,1
pheP,84
pheS,412
pheT,449
phnC,0
phnD,1
phnF,0
phnG,0
phnH,0
phnI,1
phnJ,0
phnK,0
phnL,0
phnM,1
phnN,2
phnO,1
phnP,7
phoA,7
phoB,25
phoE,4
phoH,4
phoP,69
phoQ,35
phoR,13
phoU,109
php,1
phr,6
pinE,1
pinR+pinQ,2
pitA,499
pitB,3
pldA,80
pldB,73
pliG,1
plsB,143
plsC,97
plsX,752
plsY,29
pmbA,103
pmrD,2
pncA,96
pncB,273
pnp,694
pntA,130
pntB,139
pnuC,175
polA,88
polB,13
potA,285
potB,244
potC,262
potD,384
potE,5
potF,14
potG,10
potH,7
potI,9
poxB,2
ppa,1796
ppc,109
ppdA,3
ppdB,3
ppdC,1
ppdD,0
pphA,2
pphB,2
ppiA,148
ppiB,730
ppiC,246
ppiD,243
ppk,40
pppA,81
ppsA,132
ppsR,17
pptA,1
ppx,34
pqiA,48
pqiB,52
pqqL,4
prc,203
prfA,72
prfB,523
prfC,352
priA,26
priB,5886
priC,27
prkB,16
prlC,112
prmA,129
prmB,133
prmC,45
proA,150
proB,167
proC,46
proP,70
proQ,691
proS,622
proV,12
proW,11
proX,9
proY,107
prpB,0
prpC,0
prpD,0
prpE,1
prpR,0
prr,3
prs,1071
psd,128
psiE,3
psiF,2
pspA,40
pspB,2
pspC,1
pspD,1
pspE,45
pspF,8
pspG,1
pssA,158
pstA,73
pstB,106
pstC,76
pstS,94
psuG,0
psuK,0
psuT,3
pta,651
pth,127
ptrA,26
ptrB,5
ptsA,1
ptsG,1225
ptsH,1322
ptsI,975
ptsN,154
ptsP,85
purA,611
purB,263
purC,83
purD,56
purE,64
purF,79
purH,71
purK,57
purL,70
purM,76
purN,79
purP,258
purR,216
purT,23
purU,189
putA,17
putP,105
puuA,7
puuB,2
puuC,2
puuD,9
puuE,1
puuP,4
puuR,17
pykA,101
pykF,313
pyrB,43
pyrC,133
pyrD,83
pyrE,23
pyrF,154
pyrG,731
pyrH,438
pyrI,47
pyrL,562
qmcA,16
qorA,14
qorB,5
qseB,9
qseC,9
qseD,18
queA,100
queC,71
queD,85
queF,72
quuD,2
quuQ,4
racC,0
racR,55
radA,71
raiA,145
ralR,1
rapA,226
rarA,44
rarD,44
ravA,15
rbbA,34
rbfA,311
rbn,23
rbsA,52
rbsB,112
rbsC,57
rbsD,320
rbsK,69
rbsR,18
rcnA,5
rcnR,1
rcsA,1
rcsB,193
rcsC,19
rcsD,47
rcsF,94
rdgB,82
rdgC,101
rdoA,108
recA,314
recB,29
recC,27
recD,21
recE,1
recF,89
recG,48
recJ,84
recN,40
recO,90
recQ,51
recR,441
recT,2
recX,1
relA,64
relB,62
relE,51
rem,5
rep,60
rfaB,59
rfaC,83
rfaD,380
rfaE,157
rfaF,182
rfaG,59
rfaH,81
rfaI,62
rfaJ,66
rfaL,47
rfaP,60
rfaQ,70
rfaS,49
rfaY,62
rfaZ,45
rfbA,248
rfbB,325
rfbC,209
rfbD,234
rfbX,153
rfc,142
rfe,241
rffA,87
rffC,73
rffD,161
rffE,167
rffG,128
rffH,117
rffM,60
rffT,53
rhaA,0
rhaB,1
rhaD,0
rhaM,1
rhaR,2
rhaS,1
rhaT,2
rhlB,239
rhlE,54
rhmA,3
rhmD,1
rhmR,0
rhmT,2
rho,637
rhsA,0
rhsB,1
rhsC,1
rhsD,2
rhtA,12
rhtB,8
rhtC,27
ribA,90
ribB,134
ribC,75
ribD,109
ribE,402
ribF,216
rihA,16
rihB,0
rihC,23
rimI,95
rimJ,51
rimK,55
rimL,1
rimM,6215
rimN,157
rimO,108
rimP,636
rlmA,43
rlmB,101
rlmE,284
rlmF,52
rlmG,57
rlmH,233
rlmI,124
rlmL,115
rlmM,133
rlmN,220
rlpA,124
rluA,179
rluB,244
rluC,158
rluD,104
rluE,27
rluF,41
rmf,2
rmuC,13
rna,55
rnb,213
rnc,258
rnd,53
rne,174
rng,86
rnhA,43
rnhB,112
rnk,94
rnlA,58
rnpA,1407
rnr,82
rnt,47
rob,131
rodZ,128
rof,87
rpe,154
rph,227
rpiA,372
rpiB,4
rpiR,27
rplA,8182
rplB,10230
rplC,10066
rplD,11087
rplE,12510
rplF,11142
rplI,6295
rplJ,14153
rplK,8545
rplL,12304
rplM,7749
rplN,13396
rplO,11311
rplP,8946
rplQ,10607
rplR,10710
rplS,5379
rplT,7393
rplU,7005
rplV,10935
rplW,9163
rplX,11876
rplY,3340
rpmA,6202
rpmB,6549
rpmC,9284
rpmD,11199
rpmE,5064
rpmF,5504
rpmG,7551
rpmH,6975
rpmI,7273
rpmJ,13215
rpoA,11949
rpoB,1502
rpoC,1662
rpoD,537
rpoE,124
rpoH,290
rpoN,139
rpoS,246
rpoZ,898
rppH,156
rpsA,6239
rpsB,5729
rpsC,9553
rpsD,12444
rpsE,11927
rpsF,7114
rpsG,7943
rpsH,10562
rpsI,9251
rpsJ,11053
rpsK,11889
rpsL,8609
rpsM,12246
rpsN,10516
rpsO,5549
rpsP,5468
rpsQ,11386
rpsR,5058
rpsS,10161
rpsT,7935
rpsU,5022
rraA,305
rraB,319
rsd,58
rseA,146
rseB,94
rseC,59
rseP,218
rsgA,146
rsmA,186
rsmB,91
rsmC,101
rsmD,41
rsmE,82
rsmF,29
rsmG,105
rsmH,183
rsmI,46
rspA,1
rspB,0
rssA,32
rssB,25
rstA,30
rstB,16
rsuA,116
rsxA,87
rsxB,70
rsxC,55
rsxD,53
rsxE,46
rsxG,56
rtcA,9
rtcB,7
rtcR,3
rtn,8
rumA,47
rumB,44
rusA,0
rutA,0
rutB,0
rutC,0
rutD,0
rutE,0
rutF,0
rutG,2
rutR,20
ruvA,54
ruvB,43
ruvC,267
rzoD+rzoR,0
rzoQ,0
rzpD,1
rzpQ,0
sad,11
safA,0
sanA,28
sapA,35
sapB,34
sapC,29
sapD,37
sapF,29
sbcB,24
sbcC,19
sbcD,24
sbmA,13
sbmC,6
sbp,3
scpA,1
scpB,1
scpC,1
sdaA,90
sdaB,560
sdaC,1044
sdhA,251
sdhB,251
sdhC,178
sdhD,228
sdiA,38
secA,219
secB,674
secD,483
secE,1252
secF,466
secG,3452
secM,199
secY,11006
selA,62
selB,74
selD,149
selU,17
seqA,274
serA,203
serB,100
serC,176
serS,445
setA,19
setB,2
setC,1
sfmA,1
sfmC,0
sfmD,1
sfmF,1
sfmH,1
sfsA,51
sfsB,1
sgcA,6
sgcB,2
sgcC,1
sgcE,3
sgcQ,3
sgcR,3
sgcX,1
sgrR,20
sgrT,6
shiA,18
shoB,218
sieB,2
sirA,110
sixA,115
skp,822
slmA,219
slp,4
slt,22
slyA,71
slyB,699
slyD,1238
slyX,130
smf,33
smg,137
smpB,117
smtA,104
sodA,1155
sodB,756
sodC,1
sohA,31
sohB,71
solA,43
soxR,1
soxS,34
speA,490
speB,331
speC,39
speD,292
speE,305
speF,1
speG,95
spoT,294
sppA,53
spr,435
spy,7
sra,9
srlA,2
srlB,3
srlD,6
srlE,2
srlR,22
srmB,116
ssb,398
sseA,43
sseB,92
ssnA,1
sspA,658
sspB,632
sstT,139
ssuA,0
ssuB,2
ssuC,1
ssuD,0
ssuE,0
stfP,1
stfQ,1
stfR,1
sthA,75
stpA,672
sucA,315
sucB,424
sucC,281
sucD,260
sufA,9
sufB,10
sufC,9
sufD,10
sufE,5
sufS,7
sugE,80
suhB,406
sulA,19
surA,272
surE,131
sxy,7
syd,45
symE,7
tabA,35
tadA,74
tag,20
talA,6
talB,591
tam,3
tap,0
tar,1
tas,48
tatA,349
tatB,280
tatC,226
tatD,31
tatE,143
tauA,0
tauB,1
tauC,1
tauD,2
tdcA,1
tdcB,1
tdcC,8
tdcD,4
tdcE,5
tdcF,1
tdcG,7
tdcR,0
tdh,258
tdk,61
tehA,14
tehB,33
tesA,25
tesB,36
tfaE,1
tfaP,3
tfaR+tfaQ,2
tgt,524
thiB,29
thiC,4
thiD,4
thiE,3
thiF,2
thiG,3
thiH,2
thiI,151
thiK,32
thiL,84
thiM,8
thiP,14
thiQ,15
thiS,4
thrA,298
thrB,243
thrC,268
thrL,1051
thrS,740
thyA,162
tig,1968
tilS,39
tisB,96
tktA,527
tktB,4
tldD,95
tmcA,25
tmk,82
tnaA,2
tnaB,0
tnaC,5
tolA,114
tolB,650
tolC,334
tolQ,171
tolR,160
tomB,82
tonB,46
topA,200
topB,82
torA,1
torC,0
torD,4
torI,1
torR,18
torS,2
torT,2
torY,0
torZ,2
tpiA,398
tpr,6
tpx,1028
tqsA,5
treA,1
treB,6
treC,5
treF,8
treR,14
trg,2
trkA,81
trkG,9
trkH,65
trmA,144
trmD,5343
trmH,140
trmI,250
trmJ,185
trmL,44
trpA,21
trpB,23
trpC,13
trpD,8
trpE,7
trpL,4
trpR,59
trpS,319
truA,132
truB,276
truC,63
truD,154
trxA,1000
trxB,433
trxC,63
tsf,3118
tsgA,55
tsr,5
tsx,495
ttcA,128
ttdA,0
ttdB,1
ttdR,1
ttdT,1
tufA+tufB,19486
tus,10
tynA,1
typA,959
tyrA,56
tyrB,61
tyrP,38
tyrR,64
tyrS,343
ubiA,84
ubiB,71
ubiC,76
ubiD,182
ubiE,225
ubiF,46
ubiG,69
ubiH,96
ubiX,37
ucpA,64
udk,151
udp,86
ugd,11
ugpA,2
ugpB,3
ugpC,12
ugpE,4
ugpQ,28
uhpA,57
uhpB,16
uhpC,10
uhpT,1
uidA,0
uidB,1
uidC,0
uidR,25
ulaA,1
ulaB,3
ulaC,2
ulaD,6
ulaE,4
ulaF,4
ulaG,6
ulaR,25
umuC,4
umuD,7
ung,45
uof,344
upp,527
uraA,97
usg,118
ushA,31
uspA,327
uspB,1
uspC,5
uspD,37
uspE,38
uspF,9
uspG,51
uup,122
uvrA,43
uvrB,49
uvrC,57
uvrD,76
uvrY,153
uxaA,7
uxaB,1
uxaC,7
uxuA,19
uxuB,17
uxuR,44
valS,394
ves,0
viaA,12
visC,55
vsr,1
waaA,93
waaU,37
wbbI,209
wbbJ,169
wbbK,127
wcaA,0
wcaB,0
wcaC,1
wcaD,0
wcaE,0
wcaF,0
wcaI,1
wcaJ,1
wcaK,1
wcaL,2
wcaM,2
wecH,5
wrbA,1
wza,0
wzb,0
wzc,0
wzxC,1
wzxE,67
wzyE,38
wzzE,192
xanP,59
xanQ,1
xapA,1
xapB,4
xapR,6
xdhA,1
xdhB,1
xdhC,2
xdhD,3
xerC,82
xerD,63
xisE,3
xseA,76
xseB,130
xthA,105
xylA,8
xylB,8
xylE,3
xylF,1
xylG,1
xylH,3
xylR,8
yaaA,50
yaaH,85
yaaI,1
yaaJ,4
yaaU,1
yaaW,3
yaaX,33
yaaY,1
yabI,36
yacC,35
yacF,113
yacG,128
yacH,0
yacL,89
yadB,29
yadC,2
yadD,10
yadE,10
yadG,42
yadH,51
yadI,1
yadK,1
yadL,1
yadM,1
yadN,0
yadS,36
yaeB,67
yaeF,3
yaeH,47
yaeI,5
yaeJ,30
yaeP,87
yaeQ,41
yaeR,1
yafC,14
yafD,27
yafE,17
yafJ,50
yafK,112
yafL,2
yafM,5
yafN,1
yafO,1
yafP,7
yafQ,2
yafS,17
yafT,8
yafV,16
yafW,0
yafX,0
yafY,4
yafZ,0
yagA,0
yagE,6
yagF,8
yagG,2
yagH,3
yagI,39
yagK,6
yagL,3
yagM,0
yagN,35
yagU,55
yagV,4
yagW,2
yagX,1
yahA,26
yahB,7
yahC,1
yahD,1
yahE,0
yahF,1
yahG,1
yahI,1
yahJ,11
yahK,7
yahL,0
yahM,1
yahN,2
yahO,5
yaiA,3
yaiE,62
yaiI,34
yaiL,42
yaiO,2
yaiP,1
yaiS,1
yaiV,0
yaiW,22
yaiY,2
yaiZ,2
yajC,1037
yajD,29
yajG,196
yajI,2
yajL,47
yajO,18
yajQ,417
yajR,31
ybaA,3
ybaB,457
ybaE,2
ybaK,41
ybaL,49
ybaM,3
ybaN,28
ybaO,27
ybaP,15
ybaQ,57
ybaS,2
ybaT,3
ybaV,1
ybaY,17
ybaZ,1
ybbA,9
ybbC,5
ybbJ,1
ybbL,15
ybbM,13
ybbN,153
ybbO,42
ybbP,7
ybbW,0
ybbY,1
ybcF,2
ybcH,7
ybcI,3
ybcJ,189
ybcK,1
ybcL,3
ybcM,3
ybcN,0
ybcO,0
ybcV,2
ybcW,1
ybdD,1
ybdF,1
ybdH,15
ybdJ,3
ybdK,1
ybdL,7
ybdM,2
ybdN,2
ybdO,0
ybdR,3
ybdZ,5
ybeB,283
ybeD,246
ybeF,5
ybeL,1
ybeQ,2
ybeR,0
ybeT,1
ybeU,0
ybeX,157
ybeY,137
ybeZ,121
ybfA,49
ybfB,1
ybfC,1
ybfD+yhhI,1
ybfE,62
ybfF,29
ybfK,0
ybfP,4
ybgA,2
ybgC,187
ybgD,0
ybgE,123
ybgF,666
ybgI,67
ybgJ,63
ybgK,53
ybgL,38
ybgO,1
ybgP,1
ybgQ,0
ybgS,3
ybgT,157
ybhA,51
ybhB,103
ybhC,198
ybhD,1
ybhF,14
ybhG,21
ybhH,0
ybhI,1
ybhJ,3
ybhK,27
ybhL,75
ybhM,3
ybhN,1
ybhO,1
ybhP,1
ybhQ,31
ybhR,5
ybhS,8
ybhT,532
ybiA,4
ybiB,34
ybiC,30
ybiH,18
ybiI,1
ybiJ,8
ybiO,1
ybiP,26
ybiR,30
ybiS,220
ybiT,140
ybiU,8
ybiV,24
ybiW,1
ybiX,3
ybiY,0
ybjC,65
ybjD,16
ybjE,23
ybjG,62
ybjH,1
ybjI,18
ybjJ,19
ybjK,8
ybjL,40
ybjM,1
ybjN,106
ybjO,36
ybjP,25
ybjQ,37
ybjS,40
ybjT,20
ybjX,107
ycaC,2
ycaD,51
ycaI,3
ycaK,5
ycaL,7
ycaM,3
ycaN,6
ycaO,172
ycaP,2
ycaQ,7
ycaR,198
ycbB,17
ycbC,9
ycbF,2
ycbJ,4
ycbK,111
ycbL,140
ycbU,1
ycbV,2
ycbW,41
ycbX,28
ycbZ,81
yccA,447
yccB,5
yccE,1
yccF,68
yccJ,1
yccK,74
yccM,1
yccS,47
yccT,1
yccU,40
yccX,9
ycdT,4
ycdU,1
ycdX,68
ycdY,88
ycdZ,61
yceA,147
yceB,29
yceD,3835
yceF,26
yceG,44
yceH,49
yceI,1
yceJ,5
yceK,9
yceM,35
yceO,1
yceQ,1
ycfD,92
ycfH,66
ycfJ,20
ycfL,124
ycfM,97
ycfP,70
ycfQ,25
ycfS,21
ycfT,0
ycfZ,3
ycgB,1
ycgE,20
ycgF,1
ycgG,1
ycgJ,23
ycgL,91
ycgM,50
ycgN,40
ycgR,1
ycgV,3
ycgX,1
ycgY,1
ycgZ,9
ychA,93
ychE,25
ychF,327
ychH,1
ychJ,101
ychM,35
ychN,74
ychO,7
ychQ,56
yciA,147
yciB,75
yciC,74
yciE,1
yciF,0
yciG,0
yciH,133
yciI,40
yciK,24
yciM,42
yciN,199
yciO,56
yciQ,8
yciS,89
yciT,59
yciU,80
yciV,37
yciW,9
yciX,90
yciY,237
yciZ,4
ycjD,8
ycjF,23
ycjG,10
ycjM,0
ycjN,0
ycjO,0
ycjP,0
ycjQ,1
ycjR,1
ycjS,1
ycjT,1
ycjU,0
ycjW,7
ycjX,24
ycjY,1
ycjZ,12
ydaC,2
ydaE,0
ydaF,4
ydaG,0
ydaL,35
ydaM,2
ydaN,23
ydaQ,0
ydaS,2
ydaT,2
ydaU,1
ydaV,1
ydbC,3
ydbD,1
ydbH,16
ydbJ,44
ydbK,58
ydbL,1
ydcA,2
ydcC,0
ydcD,3
ydcF,31
ydcH,1
ydcI,30
ydcJ,2
ydcK,1
ydcL,30
ydcN,1
ydcO,2
ydcP,71
ydcR,18
ydcS,1
ydcT,1
ydcU,2
ydcV,1
ydcX,3
ydcY,176
ydcZ,9
yddA,1
yddB,2
yddE,14
yddG,12
yddH,2
yddJ,0
yddM,2
yddW,22
ydeA,19
ydeE,5
ydeH,2
ydeI,0
ydeJ,0
ydeM,0
ydeN,1
ydeO,0
ydeP,2
ydeQ,0
ydeR,1
ydeS,1
ydfA,6
ydfB,3
ydfC,6
ydfD,2
ydfG,119
ydfH,38
ydfI,3
ydfO,4
ydfR,1
ydfU,0
ydfV,0
ydfZ,1
ydgA,92
ydgC,1
ydgD,17
ydgH,137
ydgI,50
ydgJ,30
ydgK,82
ydgU,0
ydhB,11
ydhC,60
ydhF,30
ydhI,2
ydhJ,20
ydhK,10
ydhL,4
ydhO,18
ydhP,10
ydhQ,56
ydhR,78
ydhS,1
ydhT,1
ydhU,2
ydhV,1
ydhW,2
ydhX,0
ydhY,1
ydhZ,43
ydiB,3
ydiE,1
ydiF,1
ydiH,6
ydiI,44
ydiJ,41
ydiK,57
ydiL,0
ydiM,0
ydiN,0
ydiO,1
ydiP,2
ydiQ,1
ydiR,1
ydiS,1
ydiT,0
ydiU,36
ydiV,12
ydiY,270
ydiZ,8
ydjA,71
ydjE,2
ydjF,19
ydjG,2
ydjH,1
ydjI,1
ydjJ,1
ydjK,1
ydjL,1
ydjM,1
ydjN,19
ydjO,0
ydjX,1
ydjY,2
ydjZ,5
yeaC,107
yeaD,40
yeaE,10
yeaG,3
yeaH,1
yeaI,0
yeaJ,16
yeaK,32
yeaL,1
yeaM,9
yeaN,4
yeaO,1
yeaP,24
yeaQ,55
yeaR,0
yeaV,0
yeaW,0
yeaX,1
yeaY,98
yeaZ,115
yebA,37
yebB,1
yebC,461
yebE,5
yebF,53
yebG,63
yebK,31
yebN,24
yebO,214
yebQ,2
yebR,165
yebS,14
yebT,15
yebV,7
yebW,1
yebY,91
yebZ,78
yecA,37
yecC,31
yecD,30
yecE,14
yecF,160
yecH,5
yecJ,83
yecM,30
yecN,117
yecR,2
yecS,29
yecT,4
yedA,2
yedD,154
yedE,136
yedF,139
yedI,23
yedJ,31
yedK,2
yedL,3
yedP,2
yedQ,8
yedR,34
yedV,8
yedW,22
yedY,6
yedZ,4
yeeA,19
yeeD,1
yeeE,4
yeeF,1286
yeeJ,2
yeeN,130
yeeO,3
yeeR,1
yeeS,1
yeeT,0
yeeU,0
yeeV,0
yeeX,296
yeeY,9
yeeZ,53
yefM,3
yegD,32
yegE,4
yegH,26
yegI,1
yegJ,1
yegK,0
yegL,1
yegP,2
yegQ,159
yegR,2
yegS,1
yegT,2
yegU,9
yegV,5
yegW,18
yegX,4
yehA,0
yehB,1
yehC,0
yehD,0
yehE,1
yehI,1
yehK,0
yehL,1
yehM,1
yehP,1
yehR,3
yehS,49
yehT,16
yehU,14
yehW,1
yehX,2
yehY,2
yeiA,3
yeiB,29
yeiE,27
yeiG,19
yeiH,18
yeiI,21
yeiL,1
yeiP,200
yeiQ,12
yeiR,27
yeiS,1
yeiT,2
yeiW,7
yejA,7
yejB,7
yejE,8
yejF,8
yejG,115
yejH,9
yejK,99
yejL,228
yejM,77
yfaA,4
yfaD,8
yfaE,219
yfaL,3
yfaP,1
yfaQ,1
yfaT,1
yfaY,34
yfaZ,123
yfbK,1
yfbL,1
yfbM,1
yfbN,1
yfbO,3
yfbP,4
yfbR,19
yfbS,8
yfbT,86
yfbU,102
yfbV,34
yfcA,45
yfcC,2
yfcD,146
yfcE,141
yfcF,5
yfcG,0
yfcH,105
yfcI,4
yfcJ,14
yfcL,105
yfcM,50
yfcN,42
yfcO,22
yfcP,1
yfcQ,1
yfcR,1
yfcS,0
yfcV,0
yfcZ,291
yfdC,2
yfdE,1
yfdF,1
yfdK,3
yfdN,0
yfdP,1
yfdQ,2
yfdR,1
yfdS,0
yfdT,1
yfdV,1
yfdX,1
yfdY,2
yfeA,26
yfeC,1
yfeD,1
yfeH,36
yfeK,3
yfeN,2
yfeO,2
yfeR,7
yfeS,6
yfeW,5
yfeX,143
yfeY,61
yfeZ,46
yffB,76
yffL,7
yffM,1
yffN,1
yffO,1
yffP,2
yffQ,2
yffR,22
yffS,28
yfgC,30
yfgD,116
yfgF,2
yfgG,3
yfgH,2
yfgI,2
yfgJ,87
yfgM,269
yfgO,41
yfhB,20
yfhG,27
yfhH,14
yfhL,46
yfhM,21
yfhR,2
yfiB,1
yfiC,21
yfiD,173
yfiE,9
yfiF,176
yfiH,85
yfiL,1
yfiM,1
yfiN,7
yfiP,26
yfiQ,9
yfiR,19
yfjD,41
yfjF,107
yfjG,176
yfjH,4
yfjI,0
yfjJ,1
yfjK,8
yfjL,14
yfjM,4
yfjO,44
yfjP,2
yfjQ,0
yfjR,3
yfjS,2
yfjT,1
yfjW,3
yfjX,0
yfjY,0
yfjZ,1
ygaC,8
ygaD,61
ygaH,110
ygaM,4
ygaP,9
ygaU,26
ygaV,1
ygaW,8
ygaZ,118
ygbA,6
ygbE,1
ygbF,6
ygbI,17
ygbJ,2
ygbK,2
ygbL,2
ygbM,3
ygbN,2
ygbT,6
ygcB,1
ygcE,1
ygcF,51
ygcG,1
ygcN,7
ygcO,3
ygcP,2
ygcQ,2
ygcR,2
ygcS,1
ygcU,1
ygcW,1
ygdB,6
ygdD,117
ygdG,30
ygdH,54
ygdI,1
ygdQ,86
ygdR,46
ygeA,17
ygeG,0
ygeH,0
ygeI,1
ygeR,44
ygeV,4
ygeW,0
ygeX,0
ygeY,1
ygfA,30
ygfB,174
ygfF,3
ygfI,4
ygfK,1
ygfM,1
ygfQ,4
ygfS,3
ygfT,1
ygfU,0
ygfX,99
ygfY,120
ygfZ,191
yggC,32
yggD,49
yggE,100
yggF,2
yggG,36
yggI,1
yggL,349
yggM,1
yggN,76
yggP,1
yggR,1
yggS,75
yggT,123
yggU,77
yggW,63
yggX,232
yghA,1
yghB,32
yghD,1
yghG,70
yghJ,212
yghQ,1
yghR,1
yghS,1
yghT,0
yghU,14
yghW,3
ygiB,138
ygiC,120
ygiD,5
ygiF,62
ygiL,4
ygiM,30
ygiN,239
ygiQ,69
ygiS,7
ygiV,7
ygiW,47
ygiZ,0
ygjH,2
ygjI,0
ygjJ,0
ygjK,1
ygjP,1
ygjQ,3
ygjR,13
ygjV,5
yhaB,0
yhaC,0
yhaH,57
yhaI,4
yhaJ,48
yhaK,5
yhaL,4
yhaM,93
yhaO,46
yhaV,25
yhbE,285
yhbJ,121
yhbO,0
yhbP,9
yhbQ,1
yhbS,86
yhbT,112
yhbU,1
yhbV,2
yhbW,14
yhbX,3
yhbY,531
yhcA,1
yhcB,209
yhcC,2
yhcD,2
yhcF,13
yhcG,5
yhcH,7
yhcM,23
yhcN,46
yhcO,5
yhdE,101
yhdH,26
yhdJ,5
yhdL,1
yhdN,28
yhdP,22
yhdT,73
yhdU,1
yhdV,4
yhdX,1
yhdY,1
yhdZ,6
yheL,110
yheM,78
yheN,86
yheO,109
yheS,72
yheT,50
yheU,44
yheV,2
yhfA,53
yhfG,2
yhfK,32
yhfL,1
yhfS,5
yhfT,2
yhfU,1
yhfW,1
yhfX,1
yhfY,6
yhfZ,13
yhgA,5
yhgE,10
yhgF,122
yhgN,46
yhhA,9
yhhH,3
yhhJ,27
yhhK,42
yhhL,42
yhhM,45
yhhN,32
yhhQ,33
yhhS,23
yhhT,5
yhhW,13
yhhX,33
yhhY,5
yhhZ,0
yhiD,1
yhiI,60
yhiJ,1
yhiM,2
yhiN,65
yhiQ,80
yhiR,71
yhjA,3
yhjB,4
yhjC,18
yhjD,12
yhjE,10
yhjG,2
yhjH,1
yhjJ,55
yhjK,29
yhjR,106
yhjV,29
yhjX,1
yhjY,4
yiaA,1
yiaB,0
yiaC,1
yiaD,89
yiaF,343
yiaG,4
yiaJ,24
yiaK,1
yiaL,0
yiaM,0
yiaN,0
yiaO,0
yiaQ,1
yiaR,1
yiaS,3
yiaT,4
yiaU,6
yiaV,2
yiaW,2
yiaY,1
yibA,9
yibB,64
yibD,3
yibF,19
yibG,2
yibH,5
yibI,2
yibL,89
yibN,547
yibQ,45
yibT,72
yicC,141
yicG,9
yicH,30
yicI,3
yicJ,1
yicL,17
yicN,1
yicO,1
yicR,100
yicS,2
yidA,68
yidB,41
yidC,882
yidD,628
yidE,23
yidF,6
yidG,8
yidH,8
yidI,7
yidJ,1
yidK,1
yidL,2
yidP,2
yidQ,47
yidR,13
yidX,14
yidZ,18
yieE,18
yieF,35
yieH,19
yieK,6
yieL,3
yieP,51
yifB,2
yifE,2278
yifK,206
yifL,228
yigA,129
yigB,61
yigE,3
yigF,1
yigG,4
yigI,71
yigL,48
yigM,61
yigP,163
yigZ,73
yihA,171
yihD,118
yihF,2
yihG,21
yihI,189
yihL,1
yihM,7
yihN,4
yihO,2
yihP,1
yihQ,1
yihR,1
yihS,2
yihT,1
yihU,1
yihV,1
yihW,58
yihX,55
yihY,29
yiiD,48
yiiE,3
yiiF,6
yiiG,2
yiiM,33
yiiQ,20
yiiR,29
yiiS,47
yiiX,27
yijD,125
yijE,11
yijF,2
yijO,7
yijP,109
yjaA,1
yjaB,1
yjaG,103
yjaH,151
yjaZ,1
yjbB,18
yjbD,1
yjbE,6
yjbF,0
yjbG,0
yjbH,2
yjbJ,56
yjbL,0
yjbM,1
yjbQ,33
yjbR,33
yjbS,1
yjbT,1
yjcB,30
yjcC,2
yjcD,158
yjcE,34
yjcF,0
yjcH,2
yjcO,14
yjcS,1
yjcZ,1
yjdA,4
yjdC,41
yjdF,1
yjdI,4
yjdJ,8
yjdK,1
yjdL,3
yjdM,75
yjdN,2
yjdO,1
yjdP,1
yjeA,56
yjeE,60
yjeF,28
yjeH,9
yjeI,141
yjeJ,7
yjeK,64
yjeM,12
yjeN,5
yjeO,8
yjeP,30
yjeS,25
yjeT,2
yjeV,1
yjfC,1
yjfF,2
yjfI,1
yjfJ,1
yjfK,2
yjfL,0
yjfM,1
yjfN,7
yjfP,5
yjfY,1
yjfZ,5
yjgA,234
yjgB,4
yjgF,421
yjgH,4
yjgI,6
yjgJ,17
yjgL,2
yjgM,34
yjgN,2
yjgR,9
yjgZ,1
yjhB,2
yjhC,8
yjhF,2
yjhG,4
yjhH,2
yjhI,0
yjhP,3
yjhQ,4
yjhU,77
yjhX,3
yjiA,58
yjiC,1
yjiG,20
yjiH,1
yjiJ,2
yjiK,5
yjiL,1
yjiM,2
yjiN,5
yjiR,13
yjiS,0
yjiX,85
yjiY,571
yjjA,74
yjjB,3
yjjG,84
yjjI,2
yjjJ,34
yjjK,357
yjjL,3
yjjM,1
yjjN,1
yjjP,4
yjjQ,0
yjjU,19
yjjV,21
yjjW,2
yjjX,39
yjjY,7
yjjZ,1
yjtD,25
ykfA,6
ykfB,1
ykfF,0
ykfG,0
ykfH,3
ykfI,0
ykfM,0
ykgB,2
ykgC,2
ykgD,2
ykgE,4
ykgF,4
ykgG,5
ykgH,1
ykgI,1
ykgJ,1
ykgL,5
ykgM,2
ykgO,2
ykgR,2
ylaB,7
ylaC,49
ylbA,12
ylbF,1
ylcG,0
ylcH,1
ylcI,0
yliE,30
yliF,33
yliI,1
yliJ,50
yliL,1
ymbA,51
ymcE,76
ymdA,2
ymdB,8
ymdC,5
ymdF,1
ymfA,9
ymfD,5
ymfE,2
ymfI,1
ymfJ,3
ymfL,1
ymfM,1
ymfQ,0
ymfR,1
ymgA,5
ymgC,2
ymgD,29
ymgE,1
ymgF,1
ymgG,34
ymgI,1
ymgJ,1
ymiA,89
ymiB,1
ymjA,2
ynaE+ydfK,1
ynaI,23
ynaJ,345
ynaK,3
ynbA,0
ynbB,0
ynbC,2
ynbD,3
ynbE,2
ynbG,0
yncA,1
yncB,4
yncD,21
yncE,61
yncG,1
yncH,0
yncJ,2
yncL,5
yneE,11
yneF,13
yneG,31
yneH,45
yneJ,10
yneK,1
yneM,6
ynfA,1
ynfB,84
ynfC,14
ynfD,1
ynfE,0
ynfF,3
ynfG,2
ynfH,15
ynfK,1
ynfL,6
ynfM,5
ynfN,0
ynfO,0
ynhF,191
ynhG,6
yniA,7
yniB,40
yniC,47
yniD,3
ynjA,9
ynjB,8
ynjC,4
ynjD,6
ynjE,9
ynjF,13
ynjH,2
ynjI,3
yoaA,21
yoaB,123
yoaC,1
yoaE,47
yoaF,2
yoaG,2
yoaH,3
yoaI,1
yoaJ,161
yoaK,107
yobA,77
yobB,1
yobD,20
yobF,2558
yobH,2
yobI,0
yodB,1
yodC,2
yodD,2
yoeB,34
yoeI,859
yohC,2
yohD,1
yohF,1
yohJ,8
yohK,9
yohN,53
yohO,84
yohP,4
yojI,38
yojO,0
ypaA,1
ypdA,9
ypdB,21
ypdC,9
ypdE,1
ypdF,1
ypdI,1
ypdK,189
ypeA,60
ypeB,77
ypeC,6
ypfG,3
ypfH,24
ypfJ,58
ypfM,207
ypfN,91
yphA,7
yphB,4
yphC,4
yphD,1
yphE,1
yphF,1
yphG,1
yphH,5
ypjA,2
ypjD,47
ypjF,1
ypjJ,0
ypjK,0
yqaA,120
yqaB,77
yqaE,80
yqcA,70
yqcC,64
yqcE,0
yqcG,0
yqeA,4
yqeB,2
yqeC,1
yqeF,29
yqeG,61
yqeH,3
yqeI,2
yqeJ,1
yqeK,1
yqeL,1
yqfA,26
yqfB,73
yqfG,1
yqgA,5
yqgB,434
yqgC,0
yqgE,82
yqgF,63
yqhA,173
yqhC,12
yqhD,25
yqhG,2
yqhH,3
yqiA,118
yqiB,102
yqiC,119
yqiH,1
yqiI,2
yqiJ,1
yqiK,2
yqjA,97
yqjC,73
yqjD,129
yqjE,143
yqjF,7
yqjG,7
yqjH,12
yqjI,31
yqjK,120
yraH,4
yraI,0
yraJ,2
yraK,3
yraM,62
yraN,51
yraP,79
yraQ,38
yraR,1
yrbA,225
yrbG,51
yrbL,74
yrbN,370
yrdA,46
yrdB,97
yrdD,121
yrfF,37
yrfG,114
yrhB,7
yrhD,1
ysaA,1
ysaB,3
ysgA,7
yshB,493
ytcA,0
ytfB,63
ytfE,3
ytfF,10
ytfH,1
ytfI,1
ytfJ,15
ytfK,191
ytfL,32
ytfM,33
ytfN,41
ytfP,223
ytfQ,4
ytfR,2
ytfT,2
ythA,1
ytjA,2
ytjB,31
ytjC,81
zapA,283
zapB,711
zinT,1
zipA,270
zitB,6
zntA,24
zntR,21
znuA,103
znuB,30
znuC,36
zraP,0
zraR,19
zraS,6
zupT,41
zur,43
zwf,185
